created_date,updated_date,deleted,name
2020-01-13 08:02:27,2020-01-13 08:02:27,0,ui
2020-01-13 08:02:27,2020-01-13 08:02:27,0,frontend
2020-01-13 08:02:27,2020-01-13 08:02:27,0,backend
2020-01-13 08:02:27,2020-01-13 08:02:27,0,css
2020-01-13 08:02:27,2020-01-13 08:02:27,0,sql
2020-01-13 08:02:27,2020-01-13 08:02:27,0,python
2020-01-13 08:02:27,2020-01-13 08:02:27,0,typescript
2020-01-13 08:02:27,2020-01-13 08:02:27,0,react
2020-01-13 08:02:27,2020-01-13 08:02:27,0,angular
2020-01-13 08:02:27,2020-01-13 08:02:27,0,sqlalchemy
2020-01-13 08:02:27,2020-01-13 08:02:27,0,php
2020-01-13 08:02:27,2020-01-13 08:02:27,0,laravel
2020-01-13 08:02:27,2020-01-13 08:02:27,0,flask
2020-01-13 08:02:27,2020-01-13 08:02:27,0,django
2020-01-13 08:02:27,2020-01-13 08:02:27,0,oop
2020-01-13 08:02:27,2020-01-13 08:02:27,0,designpattern
2020-01-13 08:02:27,2020-01-13 08:02:27,0,nodejs
2020-01-13 08:02:27,2020-01-13 08:02:27,0,csharp
2020-01-13 08:02:27,2020-01-13 08:02:27,0,autofac
2020-01-13 08:02:27,2020-01-13 08:02:27,0,unittesting
2020-01-13 08:02:27,2020-01-13 08:02:27,0,mock
2020-01-13 08:02:27,2020-01-13 08:02:27,0,pytest
2020-01-13 08:02:27,2020-01-13 08:02:27,0,webpack
2020-01-13 08:02:27,2020-01-13 08:02:27,0,js
